label,config_hash,profile,scenario,exposure_s,realization,injected_model,fit_model,method,stage,seed,parameter,truth,estimate,error,relative_error,delta_c,evaluations,wall_time_s,boundary_hits,failure
Synthetic / NICER-inspired,d17357d31d720259,smoke,high_signal_correct,4096.0,0,powerlaw,powerlaw,scipy,best_multistart,17873803874526923965,tin,0.7,0.6983953995184965,-0.0016046004815034598,-0.0022922864021478,0.0,825,0.1570463000007294,0,False
Synthetic / NICER-inspired,d17357d31d720259,smoke,high_signal_correct,4096.0,0,powerlaw,powerlaw,scipy,best_multistart,17873803874526923965,ndisk,8000.0,8095.336825378404,95.33682537840377,0.01191710317230047,0.0,825,0.1570463000007294,0,False
Synthetic / NICER-inspired,d17357d31d720259,smoke,high_signal_correct,4096.0,0,powerlaw,powerlaw,scipy,best_multistart,17873803874526923965,gamma,2.1,2.0988529135681993,-0.0011470864318008367,-0.0005462316341908746,0.0,825,0.1570463000007294,0,False
Synthetic / NICER-inspired,d17357d31d720259,smoke,high_signal_correct,4096.0,0,powerlaw,powerlaw,scipy,best_multistart,17873803874526923965,norm,0.25,0.2490314021198532,-0.0009685978801468043,-0.003874391520587217,0.0,825,0.1570463000007294,0,False
Synthetic / NICER-inspired,d17357d31d720259,smoke,high_signal_correct,4096.0,0,powerlaw,powerlaw,ga,raw,3094599229190573610,tin,0.7,0.9939536221087094,0.29395362210870946,0.419933745869585,11081.94401762556,800,0.21068019999984244,0,True
Synthetic / NICER-inspired,d17357d31d720259,smoke,high_signal_correct,4096.0,0,powerlaw,powerlaw,ga,raw,3094599229190573610,ndisk,8000.0,142.67982461091484,-7857.320175389085,-0.9821650219236356,11081.94401762556,800,0.21068019999984244,0,True
Synthetic / NICER-inspired,d17357d31d720259,smoke,high_signal_correct,4096.0,0,powerlaw,powerlaw,ga,raw,3094599229190573610,gamma,2.1,2.3463136655400962,0.24631366554009615,0.11729222168576006,11081.94401762556,800,0.21068019999984244,0,True
Synthetic / NICER-inspired,d17357d31d720259,smoke,high_signal_correct,4096.0,0,powerlaw,powerlaw,ga,raw,3094599229190573610,norm,0.25,0.423991272087825,0.173991272087825,0.6959650883513,11081.94401762556,800,0.21068019999984244,0,True
Synthetic / NICER-inspired,d17357d31d720259,smoke,high_signal_correct,4096.0,0,powerlaw,powerlaw,ga+scipy,polished,3094599229190573610,tin,0.7,0.6983954256770346,-0.0016045743229653464,-0.002292249032807638,1.1458323001534154e-07,1125,0.2781639999993786,0,False
Synthetic / NICER-inspired,d17357d31d720259,smoke,high_signal_correct,4096.0,0,powerlaw,powerlaw,ga+scipy,polished,3094599229190573610,ndisk,8000.0,8095.3479787901415,95.3479787901415,0.011918497348767687,1.1458323001534154e-07,1125,0.2781639999993786,0,False
Synthetic / NICER-inspired,d17357d31d720259,smoke,high_signal_correct,4096.0,0,powerlaw,powerlaw,ga+scipy,polished,3094599229190573610,gamma,2.1,2.098852022116233,-0.0011479778837673038,-0.0005466561351272875,1.1458323001534154e-07,1125,0.2781639999993786,0,False
Synthetic / NICER-inspired,d17357d31d720259,smoke,high_signal_correct,4096.0,0,powerlaw,powerlaw,ga+scipy,polished,3094599229190573610,norm,0.25,0.24903104645027715,-0.0009689535497228452,-0.003875814198891381,1.1458323001534154e-07,1125,0.2781639999993786,0,False
Synthetic / NICER-inspired,d17357d31d720259,smoke,correct_model,512.0,0,powerlaw,powerlaw,scipy,best_multistart,7312631368495320313,tin,0.7,0.6979685876212434,-0.002031412378756592,-0.0029020176839379885,0.0,925,0.17943040000136534,0,False
Synthetic / NICER-inspired,d17357d31d720259,smoke,correct_model,512.0,0,powerlaw,powerlaw,scipy,best_multistart,7312631368495320313,ndisk,8000.0,8305.516851240343,305.5168512403434,0.038189606405042924,0.0,925,0.17943040000136534,0,False
Synthetic / NICER-inspired,d17357d31d720259,smoke,correct_model,512.0,0,powerlaw,powerlaw,scipy,best_multistart,7312631368495320313,gamma,2.1,2.085014905713596,-0.014985094286404266,-0.007135759184002031,0.0,925,0.17943040000136534,0,False
Synthetic / NICER-inspired,d17357d31d720259,smoke,correct_model,512.0,0,powerlaw,powerlaw,scipy,best_multistart,7312631368495320313,norm,0.25,0.24310690589808998,-0.0068930941019100245,-0.027572376407640098,0.0,925,0.17943040000136534,0,False
Synthetic / NICER-inspired,d17357d31d720259,smoke,correct_model,512.0,0,powerlaw,powerlaw,ga,raw,11493456298450832561,tin,0.7,0.9724455697166446,0.2724455697166447,0.38920795673806385,4251.458158488233,800,0.20073450000018056,0,True
Synthetic / NICER-inspired,d17357d31d720259,smoke,correct_model,512.0,0,powerlaw,powerlaw,ga,raw,11493456298450832561,ndisk,8000.0,8802.207906986747,802.2079069867468,0.10027598837334335,4251.458158488233,800,0.20073450000018056,0,True
Synthetic / NICER-inspired,d17357d31d720259,smoke,correct_model,512.0,0,powerlaw,powerlaw,ga,raw,11493456298450832561,gamma,2.1,1.7831304969025896,-0.31686950309741047,-0.15089023957019546,4251.458158488233,800,0.20073450000018056,0,True
Synthetic / NICER-inspired,d17357d31d720259,smoke,correct_model,512.0,0,powerlaw,powerlaw,ga,raw,11493456298450832561,norm,0.25,0.09740686926842282,-0.15259313073157718,-0.6103725229263087,4251.458158488233,800,0.20073450000018056,0,True
Synthetic / NICER-inspired,d17357d31d720259,smoke,correct_model,512.0,0,powerlaw,powerlaw,ga+scipy,polished,11493456298450832561,tin,0.7,0.6979688465581914,-0.0020311534418085975,-0.0029016477740122825,1.5467520597667317e-08,935,0.22645399999964866,0,False
Synthetic / NICER-inspired,d17357d31d720259,smoke,correct_model,512.0,0,powerlaw,powerlaw,ga+scipy,polished,11493456298450832561,ndisk,8000.0,8305.524960901776,305.52496090177556,0.038190620112721944,1.5467520597667317e-08,935,0.22645399999964866,0,False
Synthetic / NICER-inspired,d17357d31d720259,smoke,correct_model,512.0,0,powerlaw,powerlaw,ga+scipy,polished,11493456298450832561,gamma,2.1,2.0850143675793724,-0.01498563242062767,-0.007136015438394128,1.5467520597667317e-08,935,0.22645399999964866,0,False
Synthetic / NICER-inspired,d17357d31d720259,smoke,correct_model,512.0,0,powerlaw,powerlaw,ga+scipy,polished,11493456298450832561,norm,0.25,0.24310661233565187,-0.006893387664348133,-0.02757355065739253,1.5467520597667317e-08,935,0.22645399999964866,0,False
Synthetic / NICER-inspired,d17357d31d720259,smoke,cutoff_truth_powerlaw_fit,512.0,0,cutoff,powerlaw,scipy,best_multistart,3961495221691224610,tin,0.7,0.7739940648393856,0.07399406483938564,0.10570580691340807,0.0,1015,0.19966310000017984,0,False
Synthetic / NICER-inspired,d17357d31d720259,smoke,cutoff_truth_powerlaw_fit,512.0,0,cutoff,powerlaw,scipy,best_multistart,3961495221691224610,ndisk,8000.0,6708.795642144032,-1291.2043578559678,-0.16140054473199597,0.0,1015,0.19966310000017984,0,False
Synthetic / NICER-inspired,d17357d31d720259,smoke,cutoff_truth_powerlaw_fit,512.0,0,cutoff,powerlaw,scipy,best_multistart,3961495221691224610,gamma,2.1,2.261975549563297,0.16197554956329707,0.07713121407776051,0.0,1015,0.19966310000017984,0,False
Synthetic / NICER-inspired,d17357d31d720259,smoke,cutoff_truth_powerlaw_fit,512.0,0,cutoff,powerlaw,scipy,best_multistart,3961495221691224610,norm,0.25,0.24396978072582753,-0.006030219274172466,-0.024120877096689863,0.0,1015,0.19966310000017984,0,False
Synthetic / NICER-inspired,d17357d31d720259,smoke,cutoff_truth_powerlaw_fit,512.0,0,cutoff,powerlaw,ga,raw,5883425662561586322,tin,0.7,0.778646186208301,0.078646186208301,0.11235169458328714,1441.8099808181678,800,0.26198850000037055,0,True
Synthetic / NICER-inspired,d17357d31d720259,smoke,cutoff_truth_powerlaw_fit,512.0,0,cutoff,powerlaw,ga,raw,5883425662561586322,ndisk,8000.0,13831.11652950824,5831.116529508239,0.7288895661885298,1441.8099808181678,800,0.26198850000037055,0,True
Synthetic / NICER-inspired,d17357d31d720259,smoke,cutoff_truth_powerlaw_fit,512.0,0,cutoff,powerlaw,ga,raw,5883425662561586322,gamma,2.1,1.3581231066523403,-0.7418768933476598,-0.35327471111793324,1441.8099808181678,800,0.26198850000037055,0,True
Synthetic / NICER-inspired,d17357d31d720259,smoke,cutoff_truth_powerlaw_fit,512.0,0,cutoff,powerlaw,ga,raw,5883425662561586322,norm,0.25,0.050085106809842676,-0.19991489319015732,-0.7996595727606293,1441.8099808181678,800,0.26198850000037055,0,True
Synthetic / NICER-inspired,d17357d31d720259,smoke,cutoff_truth_powerlaw_fit,512.0,0,cutoff,powerlaw,ga+scipy,polished,5883425662561586322,tin,0.7,0.7739942586300689,0.07399425863006892,0.10570608375724132,-6.999982815614203e-10,1000,0.3014541000011377,0,False
Synthetic / NICER-inspired,d17357d31d720259,smoke,cutoff_truth_powerlaw_fit,512.0,0,cutoff,powerlaw,ga+scipy,polished,5883425662561586322,ndisk,8000.0,6708.79183734411,-1291.2081626558902,-0.16140102033198628,-6.999982815614203e-10,1000,0.3014541000011377,0,False
Synthetic / NICER-inspired,d17357d31d720259,smoke,cutoff_truth_powerlaw_fit,512.0,0,cutoff,powerlaw,ga+scipy,polished,5883425662561586322,gamma,2.1,2.261975697495333,0.16197569749533303,0.07713128452158716,-6.999982815614203e-10,1000,0.3014541000011377,0,False
Synthetic / NICER-inspired,d17357d31d720259,smoke,cutoff_truth_powerlaw_fit,512.0,0,cutoff,powerlaw,ga+scipy,polished,5883425662561586322,norm,0.25,0.24396981921216804,-0.006030180787831962,-0.02412072315132785,-6.999982815614203e-10,1000,0.3014541000011377,0,False
Synthetic / NICER-inspired,d17357d31d720259,smoke,correct_model,512.0,1,powerlaw,powerlaw,scipy,best_multistart,5004134075934776180,tin,0.7,0.7020947263374451,0.0020947263374451186,0.0029924661963501697,0.0,1320,0.26528679999864835,0,False
Synthetic / NICER-inspired,d17357d31d720259,smoke,correct_model,512.0,1,powerlaw,powerlaw,scipy,best_multistart,5004134075934776180,ndisk,8000.0,7740.844714406423,-259.155285593577,-0.03239441069919712,0.0,1320,0.26528679999864835,0,False
Synthetic / NICER-inspired,d17357d31d720259,smoke,correct_model,512.0,1,powerlaw,powerlaw,scipy,best_multistart,5004134075934776180,gamma,2.1,2.1104025576795893,0.010402557679589197,0.004953598895042475,0.0,1320,0.26528679999864835,0,False
Synthetic / NICER-inspired,d17357d31d720259,smoke,correct_model,512.0,1,powerlaw,powerlaw,scipy,best_multistart,5004134075934776180,norm,0.25,0.2544989702469174,0.004498970246917422,0.017995880987669688,0.0,1320,0.26528679999864835,0,False
Synthetic / NICER-inspired,d17357d31d720259,smoke,correct_model,512.0,1,powerlaw,powerlaw,ga,raw,7673148484487216605,tin,0.7,1.2548508319544425,0.5548508319544425,0.7926440456492037,1427.267519769035,800,0.19868720000158646,0,True
Synthetic / NICER-inspired,d17357d31d720259,smoke,correct_model,512.0,1,powerlaw,powerlaw,ga,raw,7673148484487216605,ndisk,8000.0,0.16530104365841244,-7999.8346989563415,-0.9999793373695427,1427.267519769035,800,0.19868720000158646,0,True
Synthetic / NICER-inspired,d17357d31d720259,smoke,correct_model,512.0,1,powerlaw,powerlaw,ga,raw,7673148484487216605,gamma,2.1,2.343159874291944,0.24315987429194408,0.11579041632949717,1427.267519769035,800,0.19868720000158646,0,True
Synthetic / NICER-inspired,d17357d31d720259,smoke,correct_model,512.0,1,powerlaw,powerlaw,ga,raw,7673148484487216605,norm,0.25,0.425710724833109,0.175710724833109,0.702842899332436,1427.267519769035,800,0.19868720000158646,0,True
Synthetic / NICER-inspired,d17357d31d720259,smoke,correct_model,512.0,1,powerlaw,powerlaw,ga+scipy,polished,7673148484487216605,tin,0.7,0.702095250867115,0.0020952508671150394,0.0029932155244500563,9.913321719068335e-09,1245,0.2850765000002866,0,False
Synthetic / NICER-inspired,d17357d31d720259,smoke,correct_model,512.0,1,powerlaw,powerlaw,ga+scipy,polished,7673148484487216605,ndisk,8000.0,7740.84800529718,-259.15199470282005,-0.0323939993378525,9.913321719068335e-09,1245,0.2850765000002866,0,False
Synthetic / NICER-inspired,d17357d31d720259,smoke,correct_model,512.0,1,powerlaw,powerlaw,ga+scipy,polished,7673148484487216605,gamma,2.1,2.1104021599042238,0.010402159904223662,0.004953409478201744,9.913321719068335e-09,1245,0.2850765000002866,0,False
Synthetic / NICER-inspired,d17357d31d720259,smoke,correct_model,512.0,1,powerlaw,powerlaw,ga+scipy,polished,7673148484487216605,norm,0.25,0.25449864691639096,0.004498646916390958,0.017994587665563833,9.913321719068335e-09,1245,0.2850765000002866,0,False
Synthetic / NICER-inspired,d17357d31d720259,smoke,cutoff_truth_powerlaw_fit,512.0,1,cutoff,powerlaw,scipy,best_multistart,10806733407753095585,tin,0.7,0.742073921672574,0.042073921672574066,0.06010560238939153,0.0,980,0.2015594999993482,0,False
Synthetic / NICER-inspired,d17357d31d720259,smoke,cutoff_truth_powerlaw_fit,512.0,1,cutoff,powerlaw,scipy,best_multistart,10806733407753095585,ndisk,8000.0,7822.933867163282,-177.06613283671777,-0.02213326660458972,0.0,980,0.2015594999993482,0,False
Synthetic / NICER-inspired,d17357d31d720259,smoke,cutoff_truth_powerlaw_fit,512.0,1,cutoff,powerlaw,scipy,best_multistart,10806733407753095585,gamma,2.1,2.207267082173337,0.1072670821733368,0.05107956293968419,0.0,980,0.2015594999993482,0,False
Synthetic / NICER-inspired,d17357d31d720259,smoke,cutoff_truth_powerlaw_fit,512.0,1,cutoff,powerlaw,scipy,best_multistart,10806733407753095585,norm,0.25,0.22610135237637144,-0.02389864762362856,-0.09559459049451424,0.0,980,0.2015594999993482,0,False
Synthetic / NICER-inspired,d17357d31d720259,smoke,cutoff_truth_powerlaw_fit,512.0,1,cutoff,powerlaw,ga,raw,11409153507961878931,tin,0.7,1.3206307606152632,0.6206307606152632,0.886615372307519,2177.964598784708,800,0.2612386000000697,0,True
Synthetic / NICER-inspired,d17357d31d720259,smoke,cutoff_truth_powerlaw_fit,512.0,1,cutoff,powerlaw,ga,raw,11409153507961878931,ndisk,8000.0,156.63033061917233,-7843.369669380828,-0.9804212086726035,2177.964598784708,800,0.2612386000000697,0,True
Synthetic / NICER-inspired,d17357d31d720259,smoke,cutoff_truth_powerlaw_fit,512.0,1,cutoff,powerlaw,ga,raw,11409153507961878931,gamma,2.1,2.4476625230151012,0.34766252301510114,0.16555358238814338,2177.964598784708,800,0.2612386000000697,0,True
Synthetic / NICER-inspired,d17357d31d720259,smoke,cutoff_truth_powerlaw_fit,512.0,1,cutoff,powerlaw,ga,raw,11409153507961878931,norm,0.25,0.41369774861192404,0.16369774861192404,0.6547909944476962,2177.964598784708,800,0.2612386000000697,0,True
Synthetic / NICER-inspired,d17357d31d720259,smoke,cutoff_truth_powerlaw_fit,512.0,1,cutoff,powerlaw,ga+scipy,polished,11409153507961878931,tin,0.7,0.7420738910841195,0.04207389108411952,0.060105558691599316,3.120987912552664e-09,1085,0.3192877999990742,0,False
Synthetic / NICER-inspired,d17357d31d720259,smoke,cutoff_truth_powerlaw_fit,512.0,1,cutoff,powerlaw,ga+scipy,polished,11409153507961878931,ndisk,8000.0,7822.937438343099,-177.06256165690138,-0.02213282020711267,3.120987912552664e-09,1085,0.3192877999990742,0,False
Synthetic / NICER-inspired,d17357d31d720259,smoke,cutoff_truth_powerlaw_fit,512.0,1,cutoff,powerlaw,ga+scipy,polished,11409153507961878931,gamma,2.1,2.2072669271521708,0.10726692715217068,0.05107948912008127,3.120987912552664e-09,1085,0.3192877999990742,0,False
Synthetic / NICER-inspired,d17357d31d720259,smoke,cutoff_truth_powerlaw_fit,512.0,1,cutoff,powerlaw,ga+scipy,polished,11409153507961878931,norm,0.25,0.22610124843202759,-0.023898751567972415,-0.09559500627188966,3.120987912552664e-09,1085,0.3192877999990742,0,False
